[
    {
        "type": "عاصمة جورجيا؟",
        "answers": ["تبيليسي"]
    },
    {
        "type": "عاصمة السويد؟",
        "answers": ["ستوكهولم"]
    },
    {
        "type": "عاصمة ماليزيا؟",
        "answers": ["كوالالمبور"]
    },
    {
        "type": "عاصمة كندا؟",
        "answers": ["أوتاوا"]
    },
    {
        "type": "عاصمة استراليا؟",
        "answers": ["كانبرا"]
    },
    {
        "type": "عاصمة البرازيل؟",
        "answers": ["برازيليا"]
    },
    {
        "type": "عاصمة البرتغال؟",
        "answers": ["لشبونة"]
    },
    {
        "type": "عاصمة السعودية؟",
        "answers": ["الرياض"]
    },
    {
        "type": "عاصمة لبنان؟",
        "answers": ["الرياض"]
    },
    {
	"type": "عاصمة أسبانيا",
        "answers": ["مدريد"]
    },
    {
	"type": "عاصمة السودان؟",
        "answers": ["الخرطوم"]
    },
    {
	"type": "عاصمة سوريا؟",
        "answers": ["دمشق"]
    },
    {
	"type": "عاصمة العراق؟",
        "answers": ["بغداد"]
    },
    {
        "type": "عاصمة تونس؟",
        "answers": ["تونس"]
    },
    {
	"type": "عاصمة مصر؟",
        "answers": ["القاهرة"]
    },
    {
        "type": "عاصمة عمان؟",
        "answers": ["مسقط"]
    }
]
