[
    {
	
	        "type": "مطور البطاطا",
        "answers": ["م ط و ر ا ل ب ط ا ط ا"]
    },
    {
	        "type": "أنت من أنت؟",
        "answers": ["أ ن ت م ن أ ن ت ؟"]
    },
    {
	        "type": "الحرم المكي",
        "answers": ["ا ل ح ر م ا ل م ك ي"]
    },
    {
	        "type": "شينق شونق شانق",
        "answers": ["ش ي ن ق ش و ن ق ش ا ن ق"]
    },
    {
	        "type": "السعودية",
        "answers": ["ا ل س ع و د ي ة"]
    },
    {
	        "type": "بليلة بلبلوكي",
        "answers": ["ب ل ي ل ة ب ل ب ل و ك ي"]
    },
    {
	        "type": "مرقوق جريش هريس",
        "answers": ["م ر ق و ق ج ر ي ش ه ر ي س"]
    },
    {

	        "type": "قميص نفيسه نشف",
        "answers": ["ق م ي ص ن ف ي س ه ن ش ف"]
    },
    {
	        "type": "بطتنا أحسن من بطتكم",
        "answers": ["ب ط ت ن ا أ ح س ن م ن ب ط ت ك م"]
    },
    {
	        "type": "كم كلمه في كم",
        "answers": ["ك م ك ل م ه ف ي ك م"]
    },
    {
	        "type": "قعقاع فوق قعقاع",
        "answers": ["ق ع ق ا ع ف و ق ق ع ق ا ع"]
    },
    {
	        "type": "جو جدة زي جو جيزان",
        "answers": ["ج و ج د ة ز ي ج و ج ي ز ا ن"]
    },
    {
	        "type": "فراش فراس مفروش",
        "answers": ["ف ر ا ش ف ر ا س م ف ر و ش"]
    },
    {
	        "type": "لقمه و جغمه",
        "answers": ["ل ق م ه و ج غ م ه"]
    },
    {
	        "type": "صفحة سبعة صعبة",
        "answers": ["ص ف ح ة س ب ع ة ص ع ب ة"]
    },
    {
	        "type": "لوري بلا بوري",
        "answers": ["ل و ر ي ب ل ا ب و ر ي"]
    },
    {
	        "type": "شعبان شبعان",
        "answers": ["ش ع ب ا ن ش ب ع ا ن"]
    },
    {
	        "type": "شرطي أكل طرشي",
        "answers": ["ش ر ط ي أ ك ل ط ر ش ي"]
    },
    {
	        "type": "الشاعر في الشارع",
        "answers": ["ا ل ش ا ع ر ف ي ا ل ش ا ر ع"]
    },
    {
	        "type": "خيط حرير على حيط خليل",
        "answers": ["خ ي ط ح ر ي ر ع ل ى ح ي ط خ ل ي ل"]
    },
    {
		        "type": "يالله ياقلبي تعبنى",
        "answers": ["ي ا ل ل ه ي ا ق ل ب ي ت ع ب ن ي"]
    },
    {
		        "type": "ثلاجه",
        "answers": ["ث ل ا ج ه"]
    },
    {	
		        "type": "الجينرال",
        "answers": ["ا ل ج ي ن ر ا ل"]
    },
    {	
		        "type": "براده",
        "answers": ["ب ر ا د ه"]
    },
    {	
			"type": "علكه",
        "answers": ["ع ل ك ه"]
    },
    {
			"type": "شاحن",
        "answers": ["ش ا ح ن"]
    },
    {
		        "type": "سلمان الفخر",
        "answers": ["س ل م ا ن ا ل ف خ ر"]
    },
    {
		        "type": "ثوب ثوم",
        "answers": ["ث و ب ث و م"]
    },
    {
		        "type": "استغفر الله",
        "answers": ["ا س ت غ ف ر ا ل ل ه"]
    },
    {
		        "type": "حليب بارد حار",
        "answers": ["ح ل ي ب ب ا ر د ح ا ر"]
    },
    {
	                "type": "صباح الخير",
        "answers": ["ص ب ا ح ا ل خ ي ر"]
    },
    {
		        "type": "بندورة حمرا",
        "answers": ["ب ن د و ر ة ح م ر ا"]
    },
    {
	 	        "type": "كلنا للوطن",
        "answers": ["ك ل ن ا ل ل و ط ن"]
    },
    {
	                "type": "العب يلا",
        "answers": ["ا ل ع ب ي ل ا"]
    },
    {
	                "type": "كوسى محشي",
        "answers": ["ك و س ى م ح ش ي"]
    },
    {
	                "type": "احب البطاطا",
        "answers": ["ا ح ب ا ل ب ط ا ط ا"]
    },
    {
		        "type": "دجاجة",
        "answers": ["د ج ا ج ة"]
    },
    {
		        "type": "بطة",
        "answers": ["ب ط ة"]
    },
    {
	                "type": "العراق",
        "answers": ["ا ل ع ر ا ق"]
    },
    {
		        "type": "لبنان",
        "answers": ["ل ب ن ا ن"]
    },
    {
	                "type": "بوم بوت",
        "answers": ["ب و م ب و ت"]
    },
    {
	                "type": "الله اكبر",
        "answers": ["ا ل ل ه ا ك ب ر"]
    },
    {
	                "type": "عرب بوت ليست",
        "answers": ["ع ر ب ب و ت ل ي س ت"]
    },
    {
		        "type": "لا اله الا الله",
        "answers": ["ل ا ا ل ه ا ل ا ا ل ل ه"]
    },
    {
		        "type": "سوريا",
        "answers": ["س و ر ي ا"]
    },
    {
		        "type": "الاردن",
        "answers": ["ا ل ا ر د ن"]
    },
    {
	 	        "type": "مصر",
        "answers": ["م ص ر"]
    },
    {
	                "type": "الجزائر",
        "answers": ["ا ل ج ز ا ئ ر"]
    },
    {
	    
    }
]
