[
    {
	
	        "type": "4+4",
        "answers": ["8"]
    },
    {
	        "type": "5+5+1+1",
        "answers": ["12"]
    },
    {
	        "type": "1+1-1-1",
        "answers": ["0"]
    },
    {
	        "type": "15+20+30+100",
        "answers": ["165"]
    },
    {
	        "type": "12+12+12-12",
        "answers": ["24"]
    },
    {
	        "type": "150+150",
        "answers": ["300"]
    },
    {
	        "type": "75+10+5",
        "answers": ["90"]
    },
    {
	        "type": "100+100+50-10+10",
        "answers": ["250"]
    },
    {
	        "type": "30+30+50+20+10+20",
        "answers": ["160"]
    },
    {
	        "type": "10+9+3+6+1+2-1",
        "answers": ["30"]
    },
    {
	    	        "type": "5×5",
        "answers": ["25"]
    },
    {
	    	        "type": "10-6",
        "answers": ["3"]
    },
    {
	    	        "type": "30+30+30+10-10",
        "answers": ["90"]
    },
    {
	    	        "type": "2×2",
        "answers": ["4"]
    },
    {
	    	        "type": "10+10",
        "answers": ["20"]
    },
    {
	    	        "type": "0+0+1",
        "answers": ["1"]
    },
    {
	    	        "type": "2+5",
        "answers": ["7"]
    },
    {
	    	        "type": "17+10-17",
        "answers": ["10"]
    },
    {
	    	        "type": "100-100",
        "answers": ["0"]
    },
    {
	    	        "type": "10+2+3+4",
        "answers": ["19"]
    },
    {
	    	        "type": "10+20+100+1000",
        "answers": ["1130"]
    },
    {
	    	        "type": "50000+50000-50000",
        "answers": ["50000"]
    },
    {
	    	        "type": "5+5+5+5",
        "answers": ["20"]
    },
    {
	        "type": "5+5+5+5+5+5+5+5+5+5",
        "answers": ["50"]
    }

]
