[
    {
	
        "type": "القسطنطينيه",
        "answers": ["هينيطنطسقلا"]
    },
    {
	        "type": "قدرنامنجاكي",
        "answers": ["يكاجنمانردق"]
    },
    {
	        "type": "تمنراست",
        "answers": ["تسارنمت"]
    },
    {
	        "type": "الاسكندرية",
        "answers": ["ةيردنكسالا"]
    },
    {
	        "type": "دبلوماسي",
        "answers": ["يسامولبد"]
    },
    {
	        "type": "بليلة بلبلوكي",
        "answers": ["يكولبلب ةليلب"]
    },
    {
	        "type": "العالميه صعبه قويه",
        "answers": ["هيوق هبعص هيملاعلا"]
    },
    {

	        "type": "قميص نفيسه نشف",
        "answers": ["فشن هسيفن صيمق"]
    },
    {
	        "type": "حوش خميس خوش حوش",
        "answers": ["شوح شوخ سيمخ شوح"]
    },
    {
	        "type": "كم كلمه في كم",
        "answers": ["مك يف هملك مك"]
    },
    {
	        "type": "قعقاع فوق قعقاع",
        "answers": ["عاقعق قوف عاقعق"]
    },
    {
	        "type": "جو جدة زي جو جيزان",
        "answers": ["نازيج وج يز ةدج وج"]
    },
    {
	        "type": "فراش فراس مفروش",
        "answers": ["شورفم سارف شارف"]
    },
    {
	        "type": "لقمه و جغمه",
        "answers": ["همغج و همقل"]
    },
    {
	        "type": "صفحة سبعة صعبة",
        "answers": ["ةبعص ةعبس ةحفص"]
    },
    {
	        "type": "لوري بلا بوري",
        "answers": ["يروب الب يرول"]
    },
    {
	        "type": "شعبان شبعان",
        "answers": ["ناعبش نابعش"]
    },
    {
	        "type": "شرطي أكل طرشي",
        "answers": ["يشرط لكأ يطرش"]
    },
    {
	        "type": "الشاعر في الشارع",
        "answers": ["عراشلا يف رعاشلا"]
    },
    {
	        "type": "خيط حرير على حيط خليل",
        "answers": ["ليلخ طيح ىلع ريرح طيخ"]
    },
    {
		        "type": "يالله ياقلبي تعبنى",
        "answers": ["ىنبعت يبلقاي هللاي"]
    },
    {
	
	
	
	
	
    }
]
