[
    {
        "type": "القسطنطينية",
        "answers": ["القسطنطينية"]
    },
    {
        "type": "طبق رطب مرق بقر",
        "answers": ["طبق رطب مرق بقر"]
    },
    {
        "type": "خشبات الحبس حبست خمس خشبات وخشبه",
        "answers": ["خشبات الحبس حبست خمس خشبات وخشبه"]
    },
    {
        "type": "خيط حرير على حيط خليل",
        "answers": ["خيط حرير على حيط خليل"]
    },
    {
        "type": "البرازيل",
        "answers": ["البرازيل"]
    },
    {
        "type": "ليوبليانا",
        "answers": ["ليوبليانا"]
    },
    {
        "type": "عطوني غداي وغطو غداء عطيه",
        "answers": ["عطوني غداي وغطو غداء عطيه"]
    },
    {
        "type": "لحم الحمام حلال ولحم الحمار حرام",
        "answers": ["لحم الحمام حلال ولحم الحمار حرام"]
    },
    {
        "type": "السعودية",
        "answers": ["السعودية"]
    },
    {
        "type": "سهله مو صعبه",
        "answers": ["سهله مو صعبه"]
    },
    {
        "type": "سوبراشي",
        "answers": ["سوبراشي"]
    },
    {
        "type": "كونيتشوا",
        "answers": ["كونيتشوا"]
    },
    {
        "type": "تفكيك",
        "answers": ["تفكيك"]
    },
    {
        "type": "بدون اسم",
        "answers": ["بدون اسم"]
    },
    {
        "type": "كيف حالك",
        "answers": ["كيف حالك"]
    },
    {
        "type": "اسبانيا",
        "answers": ["اسبانيا"]
    },
    {
        "type": "مدريد",
        "answers": ["مدريد"]
    },
    {
        "type": "اوهايو",
        "answers": ["اوهايو"]
    },
    {
        "type": "تيستا لاغوسا",
        "answers": ["تيستا لاغوسا"]
    },
    {
        "type": "ماسكد مان",
        "answers": ["ماسكد مان"]
    },
    {
        "type": "جزر القمر",
        "answers": ["جزر القمر"]
    },
    {
        "type": "النهاية",
        "answers": ["النهاية"]
    },
    {
        "type": "متجر",
        "answers": ["متجر"]
    },
    {
        "type": "جافاسكربت",
        "answers": ["جافاسكربت"]
    },
    {
        "type": "امازون",
        "answers": ["امازون"]
    },
    {
        "type": "كمبيوتر",
        "answers": ["كمبيوتر"]
    },
    {
        "type": "اخبار",
        "answers": ["اخبار"]
    },
    {
        "type": "يوم الخميس ويكند",
        "answers": ["يوم الخميس ويكند"]
    },
    {
        "type": "لا اله الا الله",
        "answers": ["لا اله الا الله"]
    },
    {
        "type": "سبحان الله",
        "answers": ["سبحان الله"]
    },
    {
        "type": "استغفر الله",
        "answers": ["استغفر الله"]
    },
    {
        "type": "الله اكبر",
        "answers": ["الله اكبر"]
    },
    {
        "type": "الأرض",
        "answers": ["الأرض"]
    },
    {
        "type": "اليابان",
        "answers": ["اليابان"]
    },
    {
        "type": "ايرين",
        "answers": ["ايرين"]
    },
    {
        "type": "كانيكي",
        "answers": ["كانيكي"]
    },
    {
        "type": "شجرة الأوغيري",
        "answers": ["شجرة الأوغيري"]
    },
    {
        "type": "هواوي",
        "answers": ["هواوي"]
    },
    {
        "type": "البوابة",
        "answers": ["البوابة"]
    },
    {
        "type": "المدرسة",
        "answers": ["المدرسة"]
    },
    {
        "type": "الدوام",
        "answers": ["الدوام"]
    },
    {
        "type": "كنت ماشي في الطريق",
        "answers": ["كنت ماشي في الطريق"]
    },
	{
        "type": "رادار",
        "answers": ["رادار"]
    },
	{
        "type": "ساسكي",
        "answers": ["ساسكي"]
    },
	{
        "type": "صعبه ما تستصعبهاش",
        "answers": ["صعبه ما تستصعبهاش"]
    },
	{
        "type": "الجملة المفيدة",
        "answers": ["الجملة المفيدة"]
    },
	{
        "type": "خط الرقعة",
        "answers": ["خط الرقعة"]
    },
	{
        "type": "مدنايت كلوب",
        "answers": ["مدنايت كلوب"]
    },
	{
        "type": "خطأ حاول مرة اخرى",
        "answers": ["خطأ حاول مرة اخرى"]
    },
    {
        "type": "صباح",
        "answers": ["صباح"]
    },
    {
        "type": "تكأكأتم",
        "answers": ["تكأكأتم"]
    },
    {
        "type": "المثعنجر",
        "answers": ["المثعنجر"]
    },
    {
        "type": "اطلخم",
        "answers": ["اطلخم"]
    },
    {
        "type": "عصبصب",
        "answers": ["عصبصب"]
    },
    {
        "type": "مالكم تكأكأتم على كتكأكئكم على ذي جنه افرنقعوا",
        "answers": ["مالكم تكأكأتم على كتكأكئكم على ذي جنه افرنقعوا"]
    },
    {
        "type": "يمجها الذوق ولا يرغبها",
        "answers": ["يمجها الذوق ولا يرغبها"]
    },
    {
        "type": "نايت سكاي",
        "answers": ["نايت سكاي"]
    },
    {
        "type": "الجو مشمس",
        "answers": ["الجو مشمس"]
    },
    {
        "type": "انجلترا",
        "answers": ["انجلترا"]
    },
    {
        "type": "ايرور",
        "answers": ["ايرور"]
    },
    {
        "type": "العفنج",
        "answers": ["العفنج"]
    },
    {
        "type": "كردوم",
        "answers": ["كردوم"]
    },
    {
        "type": "رونين",
        "answers": ["رونين"]
    },
    {
        "type": "ايتاشي ساما",
        "answers": ["ايتاشي ساما"]
    },
    {
        "type": "سينباي",
        "answers": ["سينباي"]
    },
    {
        "type": "شينجيكي نو كيوجين",
        "answers": ["شينجيكي نو كيوجين"]
    },
    {
        "type": "طوكيو",
        "answers": ["طوكيو"]
    },
    {
        "type": "سبحان الله وبحمده سبحان الله العظيم",
        "answers": ["سبحان الله وبحمده سبحان الله العظيم"]
    },
    {
        "type": "الأشتراك السنوي",
        "answers": ["الأشتراك السنوي"]
    },
    {
        "type": "الأشتراك الشهري",
        "answers": ["الأشتراك الشهري"]
    },
    {
        "type": "مجنون",
        "answers": ["مجنون"]
    },
    {
        "type": "الأوسكار",
        "answers": ["الأوسكار"]
    },
    {
        "type": "ذا والكنق ديد",
        "answers": ["ذا والكنق ديد"]
    },
    {
        "type": "قيم اوف ثرونز",
        "answers": ["قيم اوف ثرونز"]
    },
    {
        "type": "ليوناردو دي كابريو",
        "answers": ["ليوناردو دي كابريو"]
    },
    {
        "type": "بلايستيشن",
        "answers": ["بلايستيشن"]
    },
    {
        "type": "بسكوت ابو ولد",
        "answers": ["بسكوت ابو ولد"]
    },
    {
        "type": "فاصل إعلاني",
        "answers": ["فاصل إعلاني"]
    },
    {
        "type": "سنعود بعد قليل",
        "answers": ["سنعود بعد قليل"]
    },
    {
        "type": "لن انساك ابدا",
        "answers": ["لن انساك ابدا"]
    },
    {
        "type": "قوتشي",
        "answers": ["قوتشي"]
    },
    {
        "type": "شانيل ان",
        "answers": ["شانيل ان"]
    },
    {
        "type": "جافا",
        "answers": ["جافا"]
    },
    {
        "type": "تويكس",
        "answers": ["تويكس"]
    },
    {
        "type": "جالكسي",
        "answers": ["جالكسي"]
    },
    {
        "type": "ايفون",
        "answers": ["ايفون"]
    },
    {
        "type": "جي ميل",
        "answers": ["جي ميل"]
    }
]
